{
    "document_animation_type": 0,
    "document_create_date": "2020-09-28 10:32:31.000",
    "document_create_version": "9.5.2.11",
    "document_default_animation": "",
    "document_duration": 353,
    "document_framerate": 25,
    "document_modify_date": "2020-09-28 10:41:28.000",
    "document_name": "VE Project 1",
    "document_new_version": "9.5.2.11",
    "document_project_archive": false,
    "document_project_guid": "3326a1f2-f812-4b01-9405-eac51af8ff1b",
    "document_size": {
        "height": 1080,
        "width": 1920
    },
    "document_type_name": "wfp",
    "document_used_pack_name": [
    ],
    "doucment_play_quality": 1,
    "doucment_play_safe_zone": false,
    "doucment_play_zoom_level": 0
}
