<TimeLine>
<Properties Count="45">
<Property key="Animation.InRatio" type="double" value="0.000000"/>
<Property key="Animation.OutRatio" type="double" value="0.000000"/>
<Property key="Animation.StringParam" type="std::wstring" value=""/>
<Property key="Animation.Type" type="int" value="0"/>
<Property key="Children.Count" type="int" value="1"/>
<Property key="Composition.Enabled" type="int" value="1"/>
<Property key="Composition.Mode" type="int" value="0"/>
<Property key="Composition.Opacity" type="int" value="255"/>
<Property key="EffectBasinProp" type="CNLEPtr&lt;IUnknown&gt;" value="Interface:0000000000000000">
<Properties Count="73">
<Property key="ChromaKey.AlphaChannel" type="int" value="0"/>
<Property key="ChromaKey.BoundaryChange" type="double" value="-2.000000"/>
<Property key="ChromaKey.Color" type="int" value="65280"/>
<Property key="ChromaKey.Enabled" type="int" value="0"/>
<Property key="ChromaKey.Level" type="double" value="2.000000"/>
<Property key="ChromaKey.kContrast" type="double" value="50.000000"/>
<Property key="ChromaKey.kOffset" type="double" value="0.000000"/>
<Property key="ColorAdjust.AutoColor.Enabled" type="int" value="1"/>
<Property key="ColorAdjust.AutoColor.Threshold" type="double" value="0.000000"/>
<Property key="ColorAdjust.AutoColor.Value" type="double" value="0.000000"/>
<Property key="ColorAdjust.AutoEnhance.Amount" type="double" value="50.000000"/>
<Property key="ColorAdjust.AutoEnhance.Enabled" type="int" value="0"/>
<Property key="ColorAdjust.Color.Brightness" type="double" value="0.000000"/>
<Property key="ColorAdjust.Color.Contrast" type="double" value="0.000000"/>
<Property key="ColorAdjust.Color.Enabled" type="int" value="1"/>
<Property key="ColorAdjust.Color.Exposure" type="double" value="0.000000"/>
<Property key="ColorAdjust.Color.Saturation" type="double" value="0.000000"/>
<Property key="ColorAdjust.Color.Vibrance" type="double" value="0.000000"/>
<Property key="ColorAdjust.HSL.Enabled" type="int" value="1"/>
<Property key="ColorAdjust.HSL.Hue.0" type="double" value="0.000000"/>
<Property key="ColorAdjust.HSL.Hue.1" type="double" value="0.000000"/>
<Property key="ColorAdjust.HSL.Hue.2" type="double" value="0.000000"/>
<Property key="ColorAdjust.HSL.Hue.3" type="double" value="0.000000"/>
<Property key="ColorAdjust.HSL.Hue.4" type="double" value="0.000000"/>
<Property key="ColorAdjust.HSL.Hue.5" type="double" value="0.000000"/>
<Property key="ColorAdjust.HSL.Hue.6" type="double" value="0.000000"/>
<Property key="ColorAdjust.HSL.Hue.7" type="double" value="0.000000"/>
<Property key="ColorAdjust.HSL.Luminance.0" type="double" value="0.000000"/>
<Property key="ColorAdjust.HSL.Luminance.1" type="double" value="0.000000"/>
<Property key="ColorAdjust.HSL.Luminance.2" type="double" value="0.000000"/>
<Property key="ColorAdjust.HSL.Luminance.3" type="double" value="0.000000"/>
<Property key="ColorAdjust.HSL.Luminance.4" type="double" value="0.000000"/>
<Property key="ColorAdjust.HSL.Luminance.5" type="double" value="0.000000"/>
<Property key="ColorAdjust.HSL.Luminance.6" type="double" value="0.000000"/>
<Property key="ColorAdjust.HSL.Luminance.7" type="double" value="0.000000"/>
<Property key="ColorAdjust.HSL.Saturation.0" type="double" value="0.000000"/>
<Property key="ColorAdjust.HSL.Saturation.1" type="double" value="0.000000"/>
<Property key="ColorAdjust.HSL.Saturation.2" type="double" value="0.000000"/>
<Property key="ColorAdjust.HSL.Saturation.3" type="double" value="0.000000"/>
<Property key="ColorAdjust.HSL.Saturation.4" type="double" value="0.000000"/>
<Property key="ColorAdjust.HSL.Saturation.5" type="double" value="0.000000"/>
<Property key="ColorAdjust.HSL.Saturation.6" type="double" value="0.000000"/>
<Property key="ColorAdjust.HSL.Saturation.7" type="double" value="0.000000"/>
<Property key="ColorAdjust.LUT.Enabled" type="int" value="1"/>
<Property key="ColorAdjust.Light.Blacks" type="double" value="0.000000"/>
<Property key="ColorAdjust.Light.Enabled" type="int" value="1"/>
<Property key="ColorAdjust.Light.Highlights" type="double" value="0.000000"/>
<Property key="ColorAdjust.Light.Shadow" type="double" value="0.000000"/>
<Property key="ColorAdjust.Light.White" type="double" value="0.000000"/>
<Property key="ColorAdjust.Vignette.Amount" type="double" value="0.000000"/>
<Property key="ColorAdjust.Vignette.Enabled" type="int" value="1"/>
<Property key="ColorAdjust.Vignette.Exposure" type="double" value="0.000000"/>
<Property key="ColorAdjust.Vignette.Feature" type="double" value="50.000000"/>
<Property key="ColorAdjust.Vignette.Highlights" type="double" value="50.000000"/>
<Property key="ColorAdjust.Vignette.Roundness" type="double" value="0.000000"/>
<Property key="ColorAdjust.Vignette.Size" type="double" value="100.000000"/>
<Property key="ColorAdjust.WhiteBalance.BGain" type="double" value="1.000000"/>
<Property key="ColorAdjust.WhiteBalance.Enabled" type="int" value="1"/>
<Property key="ColorAdjust.WhiteBalance.GGain" type="double" value="1.000000"/>
<Property key="ColorAdjust.WhiteBalance.RGain" type="double" value="1.000000"/>
<Property key="ColorAdjust.WhiteBalance.Temperature" type="double" value="0.000000"/>
<Property key="ColorAdjust.WhiteBalance.Tint" type="double" value="0.000000"/>
<Property key="EffectCover.Enable" type="int" value="1"/>
<Property key="FlipUp.Enable" type="int" value="0"/>
<Property key="Mirror.Enable" type="int" value="0"/>
<Property key="Render.FishEyeEnable" type="int" value="0"/>
<Property key="Render.FishEyeLevel" type="int" value="0"/>
<Property key="Shadow.Blur" type="int" value="20"/>
<Property key="Shadow.Color" type="int" value="0"/>
<Property key="Shadow.Direction" type="int" value="7"/>
<Property key="Shadow.Distance" type="int" value="10"/>
<Property key="Shadow.Enabled" type="int" value="0"/>
<Property key="Shadow.Transparency" type="int" value="80"/>
</Properties>
</Property>
<Property key="EffectCoverProp" type="CNLEPtr&lt;IUnknown&gt;" value="Interface:0000000000000000">
<Properties Count="2">
<Property key="EffectCover.Enable" type="int" value="1"/>
<Property key="z.FilterCount" type="int" value="0"/>
</Properties>
</Property>
<Property key="Level" type="int" value="-1"/>
<Property key="Mixer.Count" type="int" value="4"/>
<Property key="Mixer.Level.0" type="std::wstring" value="level:0,enable:0 mute:0 volume:0.000000 balance:0.000000 surround:0 azimuth:0 elevation:0"/>
<Property key="Mixer.Level.1" type="std::wstring" value="level:1,enable:0 mute:0 volume:0.000000 balance:0.000000 surround:0 azimuth:0 elevation:0"/>
<Property key="Mixer.Level.2" type="std::wstring" value="level:2,enable:0 mute:0 volume:0.000000 balance:0.000000 surround:0 azimuth:0 elevation:0"/>
<Property key="Mixer.Level.3" type="std::wstring" value="level:-1,enable:0 mute:0 volume:0.000000 balance:0.000000 surround:0 azimuth:0 elevation:0"/>
<Property key="NLEVersion" type="std::wstring" value="(6, 0, 0, 26.CP2)"/>
<Property key="Project.Audio.BitsPerSample" type="int" value="16"/>
<Property key="Project.Audio.Samplerate" type="int" value="44100"/>
<Property key="Project.Audio.nChannels" type="int" value="2"/>
<Property key="Project.Video.FrameRate" type="NLERational" value="[25000000, 1000000]: 25.0000000 "/>
<Property key="Project.Video.Resolution" type="NLEPoint" value="x:1920, y:1080"/>
<Property key="REFCLSID" type="GUID" value="{42ECA820-24A5-5AA6-544F-2F32650C1158}"/>
<Property key="Render.ContentRange" type="NLERange" value="Start:0, End:352"/>
<Property key="Render.Framerate" type="NLERational" value="[25, 1]: 25.0000000 "/>
<Property key="Render.MarginMode" type="int" value="0"/>
<Property key="Render.Position" type="int" value="0"/>
<Property key="Render.RangeFrameNumber" type="NLERange" value="Start:0, End:352"/>
<Property key="Render.RationPosition" type="NLERational" value="[0, 1]: 0.0000000 "/>
<Property key="TimelineType" type="int" value="16"/>
<Property key="Transform.Angle" type="double" value="0.000000"/>
<Property key="Transform.CenterPoint" type="NLEPointF" value="x:0.50000000000000000000, y:0.50000000000000000000"/>
<Property key="Transform.Enabled" type="int" value="1"/>
<Property key="Transform.Locked" type="int" value="0"/>
<Property key="Transform.LockedTransform" type="int" value="0"/>
<Property key="Transform.ResizeScale" type="NLEPointF" value="x:1.00000000000000000000, y:1.00000000000000000000"/>
<Property key="Transform.ShowTransform" type="int" value="1"/>
<Property key="UserData" type="CNLEPtr&lt;IUnknown&gt;" value="Interface:0000000000000000">
<Properties Count="6">
<Property key="Key_AncestralGuid" type="std::wstring" value="{9b9aaf07-e1ad-492d-a760-b0b3ac6a5a91}"/>
<Property key="Key_TimelineGuid" type="std::wstring" value="{210cc33a-e9aa-463d-ab95-2afb14783329}"/>
<Property key="kGPU.GPUFirst" type="int" value="0"/>
<Property key="key_timeline_markInOut" type="NLEPoint" value="x:-1, y:-1"/>
<Property key="key_timeline_resource_info" type="std::wstring" value="{&quot;name&quot;:&quot;VE Project 1&quot;}"/>
<Property key="key_timeline_type" type="std::wstring" value="12"/>
</Properties>
</Property>
<Property key="ViewEdit.Status.Using" type="int" value="1"/>
<Property key="base.Enable" type="int" value="1"/>
<Property key="time.position.end" type="NLERational" value="[353, 25]: 14.1200000 "/>
<Property key="time.position.start" type="NLERational" value="[0, 1]: 0.0000000 "/>
<Property key="time.trim.start" type="NLERational" value="[0, 1]: 0.0000000 "/>
<Property key="z.Alias" type="std::wstring" value=""/>
<Property key="z.Name" type="std::wstring" value="Project"/>
</Properties>
<TimeLine>
<Properties Count="73">
<Property key="Absolute.FilePath" type="std::wstring" value="C:/Users/Benjamin/Documents/Wondershare Filmora 9/Recorded/VID_20200928_103532.mp4"/>
<Property key="Animation.InRatio" type="double" value="0.000000"/>
<Property key="Animation.OutRatio" type="double" value="0.000000"/>
<Property key="Animation.StringParam" type="std::wstring" value=""/>
<Property key="Animation.Type" type="int" value="0"/>
<Property key="Composition.Enabled" type="int" value="1"/>
<Property key="Composition.Mode" type="int" value="0"/>
<Property key="Composition.Opacity" type="int" value="255"/>
<Property key="Crop.Enabled" type="int" value="1"/>
<Property key="Crop.Region" type="NLERectF" value="left:0.13960113960113960000, top:0.14177215189873418000, width:0.71652421652421650000, height:0.71645569620253169000"/>
<Property key="Crop.Region.Serialize" type="std::wstring" value="{&quot;FrameRateDen&quot;:1,&quot;FrameRateNum&quot;:25,&quot;dataType&quot;:1,&quot;params&quot;:[{&quot;index&quot;:450,&quot;valueType&quot;:&quot;NLERectF&quot;,&quot;valueValue&quot;:&quot;left:0.13960113960113960000, top:0.14177215189873418000, width:0.71652421652421650000, height:0.71645569620253169000&quot;},{&quot;index&quot;:802,&quot;valueType&quot;:&quot;NLERectF&quot;,&quot;valueValue&quot;:&quot;left:0.13960113960113960000, top:0.14177215189873418000, width:0.71652421652421650000, height:0.71645569620253169000&quot;}],&quot;splineDegree&quot;:0,&quot;splineType&quot;:0}
"/>
<Property key="Crop.Region.Serialize.Size" type="int" value="432"/>
<Property key="Denoise.Enabled" type="int" value="0"/>
<Property key="Denoise.Level" type="int" value="0"/>
<Property key="EffectBasinProp" type="CNLEPtr&lt;IUnknown&gt;" value="Interface:0000000000000000">
<Properties Count="73">
<Property key="ChromaKey.AlphaChannel" type="int" value="0"/>
<Property key="ChromaKey.BoundaryChange" type="double" value="-2.000000"/>
<Property key="ChromaKey.Color" type="int" value="65280"/>
<Property key="ChromaKey.Enabled" type="int" value="0"/>
<Property key="ChromaKey.Level" type="double" value="2.000000"/>
<Property key="ChromaKey.kContrast" type="double" value="50.000000"/>
<Property key="ChromaKey.kOffset" type="double" value="0.000000"/>
<Property key="ColorAdjust.AutoColor.Enabled" type="int" value="1"/>
<Property key="ColorAdjust.AutoColor.Threshold" type="double" value="0.000000"/>
<Property key="ColorAdjust.AutoColor.Value" type="double" value="0.000000"/>
<Property key="ColorAdjust.AutoEnhance.Amount" type="double" value="50.000000"/>
<Property key="ColorAdjust.AutoEnhance.Enabled" type="int" value="0"/>
<Property key="ColorAdjust.Color.Brightness" type="double" value="0.000000"/>
<Property key="ColorAdjust.Color.Contrast" type="double" value="0.000000"/>
<Property key="ColorAdjust.Color.Enabled" type="int" value="1"/>
<Property key="ColorAdjust.Color.Exposure" type="double" value="0.000000"/>
<Property key="ColorAdjust.Color.Saturation" type="double" value="0.000000"/>
<Property key="ColorAdjust.Color.Vibrance" type="double" value="0.000000"/>
<Property key="ColorAdjust.HSL.Enabled" type="int" value="1"/>
<Property key="ColorAdjust.HSL.Hue.0" type="double" value="0.000000"/>
<Property key="ColorAdjust.HSL.Hue.1" type="double" value="0.000000"/>
<Property key="ColorAdjust.HSL.Hue.2" type="double" value="0.000000"/>
<Property key="ColorAdjust.HSL.Hue.3" type="double" value="0.000000"/>
<Property key="ColorAdjust.HSL.Hue.4" type="double" value="0.000000"/>
<Property key="ColorAdjust.HSL.Hue.5" type="double" value="0.000000"/>
<Property key="ColorAdjust.HSL.Hue.6" type="double" value="0.000000"/>
<Property key="ColorAdjust.HSL.Hue.7" type="double" value="0.000000"/>
<Property key="ColorAdjust.HSL.Luminance.0" type="double" value="0.000000"/>
<Property key="ColorAdjust.HSL.Luminance.1" type="double" value="0.000000"/>
<Property key="ColorAdjust.HSL.Luminance.2" type="double" value="0.000000"/>
<Property key="ColorAdjust.HSL.Luminance.3" type="double" value="0.000000"/>
<Property key="ColorAdjust.HSL.Luminance.4" type="double" value="0.000000"/>
<Property key="ColorAdjust.HSL.Luminance.5" type="double" value="0.000000"/>
<Property key="ColorAdjust.HSL.Luminance.6" type="double" value="0.000000"/>
<Property key="ColorAdjust.HSL.Luminance.7" type="double" value="0.000000"/>
<Property key="ColorAdjust.HSL.Saturation.0" type="double" value="0.000000"/>
<Property key="ColorAdjust.HSL.Saturation.1" type="double" value="0.000000"/>
<Property key="ColorAdjust.HSL.Saturation.2" type="double" value="0.000000"/>
<Property key="ColorAdjust.HSL.Saturation.3" type="double" value="0.000000"/>
<Property key="ColorAdjust.HSL.Saturation.4" type="double" value="0.000000"/>
<Property key="ColorAdjust.HSL.Saturation.5" type="double" value="0.000000"/>
<Property key="ColorAdjust.HSL.Saturation.6" type="double" value="0.000000"/>
<Property key="ColorAdjust.HSL.Saturation.7" type="double" value="0.000000"/>
<Property key="ColorAdjust.LUT.Enabled" type="int" value="1"/>
<Property key="ColorAdjust.Light.Blacks" type="double" value="0.000000"/>
<Property key="ColorAdjust.Light.Enabled" type="int" value="1"/>
<Property key="ColorAdjust.Light.Highlights" type="double" value="0.000000"/>
<Property key="ColorAdjust.Light.Shadow" type="double" value="0.000000"/>
<Property key="ColorAdjust.Light.White" type="double" value="0.000000"/>
<Property key="ColorAdjust.Vignette.Amount" type="double" value="0.000000"/>
<Property key="ColorAdjust.Vignette.Enabled" type="int" value="1"/>
<Property key="ColorAdjust.Vignette.Exposure" type="double" value="0.000000"/>
<Property key="ColorAdjust.Vignette.Feature" type="double" value="50.000000"/>
<Property key="ColorAdjust.Vignette.Highlights" type="double" value="50.000000"/>
<Property key="ColorAdjust.Vignette.Roundness" type="double" value="0.000000"/>
<Property key="ColorAdjust.Vignette.Size" type="double" value="100.000000"/>
<Property key="ColorAdjust.WhiteBalance.BGain" type="double" value="1.000000"/>
<Property key="ColorAdjust.WhiteBalance.Enabled" type="int" value="1"/>
<Property key="ColorAdjust.WhiteBalance.GGain" type="double" value="1.000000"/>
<Property key="ColorAdjust.WhiteBalance.RGain" type="double" value="1.000000"/>
<Property key="ColorAdjust.WhiteBalance.Temperature" type="double" value="0.000000"/>
<Property key="ColorAdjust.WhiteBalance.Tint" type="double" value="0.000000"/>
<Property key="EffectCover.Enable" type="int" value="1"/>
<Property key="FlipUp.Enable" type="int" value="0"/>
<Property key="Mirror.Enable" type="int" value="0"/>
<Property key="Render.FishEyeEnable" type="int" value="0"/>
<Property key="Render.FishEyeLevel" type="int" value="0"/>
<Property key="Shadow.Blur" type="int" value="20"/>
<Property key="Shadow.Color" type="int" value="0"/>
<Property key="Shadow.Direction" type="int" value="7"/>
<Property key="Shadow.Distance" type="int" value="10"/>
<Property key="Shadow.Enabled" type="int" value="0"/>
<Property key="Shadow.Transparency" type="int" value="80"/>
</Properties>
</Property>
<Property key="EffectCoverProp" type="CNLEPtr&lt;IUnknown&gt;" value="Interface:0000000000000000">
<Properties Count="2">
<Property key="EffectCover.Enable" type="int" value="1"/>
<Property key="z.FilterCount" type="int" value="0"/>
</Properties>
</Property>
<Property key="Equalizer.Band1" type="double" value="0.000000"/>
<Property key="Equalizer.Band2" type="double" value="0.000000"/>
<Property key="Equalizer.Band3" type="double" value="0.000000"/>
<Property key="Equalizer.Band4" type="double" value="0.000000"/>
<Property key="Equalizer.Band5" type="double" value="0.000000"/>
<Property key="Equalizer.Band6" type="double" value="0.000000"/>
<Property key="Equalizer.Band7" type="double" value="0.000000"/>
<Property key="Equalizer.Band8" type="double" value="0.000000"/>
<Property key="Equalizer.Enabled" type="int" value="1"/>
<Property key="Equalizer.HS" type="double" value="0.000000"/>
<Property key="Equalizer.Name" type="std::wstring" value="Default"/>
<Property key="Equalizer.kLS" type="double" value="0.000000"/>
<Property key="Level" type="int" value="1"/>
<Property key="MediaInfo" type="CNLEPtr&lt;IUnknown&gt;" value="Interface:0000000000000000">
<Properties Count="12">
<Property key="Absolute.FilePath" type="std::wstring" value="C:/Users/Benjamin/Documents/Wondershare Filmora 9/Recorded/VID_20200928_103532.mp4"/>
<Property key="Source_FileType" type="int" value="1"/>
<Property key="kAudio_Disable" type="int" value="0"/>
<Property key="kCodec_FourCC" type="unsigned int" value="1836020585"/>
<Property key="kMedia.Info.MediaLength" type="double" value="43.520000"/>
<Property key="kMedia.Info.SerializedString" type="std::wstring" value="{
	&quot;MediaInfo&quot;:	{
		&quot;FileCreateData&quot;:	&quot;2020:9:28:10:35:0,2020:9:28:8:35:0\n&quot;,
		&quot;FOURCC&quot;:	&quot;1836020585&quot;,
		&quot;FileName&quot;:	&quot;&quot;,
		&quot;Description&quot;:	&quot;&quot;,
		&quot;MediaLength&quot;:	&quot;43524&quot;,
		&quot;Bitrate&quot;:	&quot;1453492&quot;,
		&quot;AVScanType&quot;:	&quot;2&quot;,
		&quot;ProgramCount&quot;:	&quot;1&quot;,
		&quot;ProgramInfos&quot;:	[{
				&quot;Number&quot;:	&quot;1&quot;,
				&quot;ID&quot;:	&quot;1&quot;,
				&quot;MediaLength&quot;:	&quot;43524&quot;,
				&quot;Bitrate&quot;:	&quot;1453492&quot;,
				&quot;TimeStampReferenceStreamID&quot;:	&quot;0&quot;,
				&quot;VideoStreamCount&quot;:	&quot;1&quot;,
				&quot;VideoStreamInfos&quot;:	[{
						&quot;StreamType&quot;:	&quot;2&quot;,
						&quot;StreamID&quot;:	&quot;0&quot;,
						&quot;FourCC&quot;:	&quot;875967048&quot;,
						&quot;State&quot;:	&quot;0&quot;,
						&quot;Name&quot;:	&quot;H264&quot;,
						&quot;Description&quot;:	&quot;Advanced Video Codec&quot;,
						&quot;StreamLength&quot;:	&quot;43520&quot;,
						&quot;Bitrate&quot;:	&quot;1325492&quot;,
						&quot;VideoInfo&quot;:	{
							&quot;Width&quot;:	&quot;1920&quot;,
							&quot;Height&quot;:	&quot;1080&quot;,
							&quot;FrameRate&quot;:	&quot;25000&quot;,
							&quot;TotalFrame&quot;:	&quot;1088&quot;,
							&quot;xratio&quot;:	&quot;0&quot;,
							&quot;yratio&quot;:	&quot;0&quot;,
							&quot;Compression&quot;:	&quot;842094169&quot;,
							&quot;BitsDepth&quot;:	&quot;24&quot;,
							&quot;CapsFlag&quot;:	&quot;0&quot;,
							&quot;ColorRange&quot;:	&quot;0&quot;,
							&quot;ColorPrimary&quot;:	&quot;0&quot;
						},
						&quot;VideoSrcInfo&quot;:	{
							&quot;StreamSrcInfoScanType&quot;:	&quot;0&quot;,
							&quot;StreamSrcInfoSrcScanType&quot;:	&quot;0&quot;,
							&quot;StreamSrcInfoSrcRotate&quot;:	&quot;0&quot;,
							&quot;VideoInfo&quot;:	{
								&quot;Width&quot;:	&quot;1920&quot;,
								&quot;Height&quot;:	&quot;1080&quot;,
								&quot;FrameRate&quot;:	&quot;25000&quot;,
								&quot;TotalFrame&quot;:	&quot;1088&quot;,
								&quot;xratio&quot;:	&quot;16000&quot;,
								&quot;yratio&quot;:	&quot;9000&quot;,
								&quot;Compression&quot;:	&quot;842094169&quot;,
								&quot;BitsDepth&quot;:	&quot;24&quot;,
								&quot;CapsFlag&quot;:	&quot;0&quot;,
								&quot;ColorRange&quot;:	&quot;0&quot;,
								&quot;ColorPrimary&quot;:	&quot;0&quot;
							}
						},
						&quot;AudioInfo&quot;:	{
							&quot;SampleRate&quot;:	&quot;0&quot;,
							&quot;Channels&quot;:	&quot;0&quot;,
							&quot;Bitspersample&quot;:	&quot;0&quot;,
							&quot;Bytespersecond&quot;:	&quot;0&quot;,
							&quot;Length&quot;:	&quot;0&quot;,
							&quot;CapsFlag&quot;:	&quot;0&quot;
						},
						&quot;ptsStart&quot;:	&quot;0&quot;,
						&quot;ptsOffset&quot;:	&quot;0&quot;
					}],
				&quot;AudioStreamCount&quot;:	&quot;1&quot;,
				&quot;AudioStreamInfos&quot;:	[{
						&quot;StreamType&quot;:	&quot;3&quot;,
						&quot;StreamID&quot;:	&quot;1&quot;,
						&quot;FourCC&quot;:	&quot;541278529&quot;,
						&quot;State&quot;:	&quot;0&quot;,
						&quot;Name&quot;:	&quot;AAC &quot;,
						&quot;Description&quot;:	&quot;Advanced Audio Codec&quot;,
						&quot;StreamLength&quot;:	&quot;43499&quot;,
						&quot;Bitrate&quot;:	&quot;128000&quot;,
						&quot;VideoInfo&quot;:	{
							&quot;Width&quot;:	&quot;0&quot;,
							&quot;Height&quot;:	&quot;0&quot;,
							&quot;FrameRate&quot;:	&quot;0&quot;,
							&quot;TotalFrame&quot;:	&quot;0&quot;,
							&quot;xratio&quot;:	&quot;0&quot;,
							&quot;yratio&quot;:	&quot;0&quot;,
							&quot;Compression&quot;:	&quot;0&quot;,
							&quot;BitsDepth&quot;:	&quot;0&quot;,
							&quot;CapsFlag&quot;:	&quot;0&quot;,
							&quot;ColorRange&quot;:	&quot;0&quot;,
							&quot;ColorPrimary&quot;:	&quot;0&quot;
						},
						&quot;VideoSrcInfo&quot;:	{
							&quot;StreamSrcInfoScanType&quot;:	&quot;0&quot;,
							&quot;StreamSrcInfoSrcScanType&quot;:	&quot;0&quot;,
							&quot;StreamSrcInfoSrcRotate&quot;:	&quot;0&quot;,
							&quot;VideoInfo&quot;:	{
								&quot;Width&quot;:	&quot;0&quot;,
								&quot;Height&quot;:	&quot;0&quot;,
								&quot;FrameRate&quot;:	&quot;0&quot;,
								&quot;TotalFrame&quot;:	&quot;0&quot;,
								&quot;xratio&quot;:	&quot;0&quot;,
								&quot;yratio&quot;:	&quot;0&quot;,
								&quot;Compression&quot;:	&quot;0&quot;,
								&quot;BitsDepth&quot;:	&quot;0&quot;,
								&quot;CapsFlag&quot;:	&quot;0&quot;,
								&quot;ColorRange&quot;:	&quot;0&quot;,
								&quot;ColorPrimary&quot;:	&quot;0&quot;
							}
						},
						&quot;AudioInfo&quot;:	{
							&quot;SampleRate&quot;:	&quot;48000&quot;,
							&quot;Channels&quot;:	&quot;2&quot;,
							&quot;Bitspersample&quot;:	&quot;16&quot;,
							&quot;Bytespersecond&quot;:	&quot;16001&quot;,
							&quot;Length&quot;:	&quot;43499&quot;,
							&quot;CapsFlag&quot;:	&quot;0&quot;
						},
						&quot;ptsStart&quot;:	&quot;0&quot;,
						&quot;ptsOffset&quot;:	&quot;0&quot;
					}],
				&quot;SubPicStreamCount&quot;:	&quot;0&quot;,
				&quot;SubPicInfos&quot;:	[]
			}]
	}
}"/>
<Property key="kMedia.Info.SerializedStringSize" type="int" value="3054"/>
<Property key="kSource.StreamCount" type="int" value="2"/>
<Property key="kSource.Stream_0" type="CNLEPtr&lt;IUnknown&gt;" value="Interface:0000000000000000">
<Properties Count="16">
<Property key="kStream_Type" type="int" value="2"/>
<Property key="kVideo_Bitrate" type="int" value="1325492"/>
<Property key="kVideo_BitsDepth" type="int" value="24"/>
<Property key="kVideo_CapsFlag" type="unsigned int" value="0"/>
<Property key="kVideo_Compression" type="unsigned int" value="842094169"/>
<Property key="kVideo_Description" type="std::wstring" value="Advanced Video Codec"/>
<Property key="kVideo_Disable" type="int" value="0"/>
<Property key="kVideo_Duration" type="long long" value="435200000"/>
<Property key="kVideo_FourCC" type="unsigned int" value="875967048"/>
<Property key="kVideo_FrameRate" type="double" value="25.000000"/>
<Property key="kVideo_Height" type="int" value="1080"/>
<Property key="kVideo_ID" type="unsigned int" value="0"/>
<Property key="kVideo_Name" type="std::wstring" value="H264"/>
<Property key="kVideo_State" type="int" value="0"/>
<Property key="kVideo_TotalFrames" type="int" value="1088"/>
<Property key="kVideo_Width" type="int" value="1920"/>
</Properties>
</Property>
<Property key="kSource.Stream_1" type="CNLEPtr&lt;IUnknown&gt;" value="Interface:0000000000000000">
<Properties Count="15">
<Property key="Source_ScreenRecordingStreamType" type="unsigned int" value="0"/>
<Property key="kAduio_CapsFlag" type="unsigned int" value="0"/>
<Property key="kAudio_Bitrate" type="int" value="128000"/>
<Property key="kAudio_BitsPerSample" type="int" value="16"/>
<Property key="kAudio_BytesPerSecond" type="int" value="192000"/>
<Property key="kAudio_Channels" type="int" value="2"/>
<Property key="kAudio_Description" type="std::wstring" value="Advanced Audio Codec"/>
<Property key="kAudio_Disable" type="int" value="0"/>
<Property key="kAudio_Duration" type="long long" value="434999791"/>
<Property key="kAudio_FourCC" type="unsigned int" value="541278529"/>
<Property key="kAudio_ID" type="unsigned int" value="1"/>
<Property key="kAudio_Name" type="std::wstring" value="AAC "/>
<Property key="kAudio_SampleRate" type="int" value="48000"/>
<Property key="kAudio_State" type="int" value="0"/>
<Property key="kStream_Type" type="int" value="3"/>
</Properties>
</Property>
<Property key="kStream_ProgramID" type="int" value="1"/>
<Property key="kVideo_Disable" type="int" value="0"/>
</Properties>
</Property>
<Property key="Mix2Mono.Enabled" type="int" value="0"/>
<Property key="ProxySource.Enable" type="int" value="0"/>
<Property key="ProxySource.ProxyFile.path" type="std::wstring" value=""/>
<Property key="REFCLSID" type="GUID" value="{FC850F8E-F304-4E87-A00C-9A43291D317F}"/>
<Property key="Render.ContentRange" type="NLERange" value="Start:0, End:1087"/>
<Property key="Render.Framerate" type="NLERational" value="[25, 1]: 25.0000000 "/>
<Property key="Render.MarginMode" type="int" value="1"/>
<Property key="Render.NeedPremult" type="int" value="0"/>
<Property key="Render.Position" type="int" value="0"/>
<Property key="Render.RangeFrameNumber" type="NLERange" value="Start:450, End:802"/>
<Property key="Render.RationPosition" type="NLERational" value="[0, 1]: 0.0000000 "/>
<Property key="SourceRender_CurrentAudioStreamIndex" type="int" value="1"/>
<Property key="SourceRender_CurrentVideoStreamIndex" type="int" value="0"/>
<Property key="Source_FileType" type="int" value="1"/>
<Property key="Stabilization.BoarderType" type="int" value="2"/>
<Property key="Stabilization.Enabled" type="int" value="0"/>
<Property key="Stabilization.Level" type="int" value="10"/>
<Property key="Timeline.SpeedMarker" type="std::wstring" value="{&quot;fr.den&quot;:1,&quot;fr.num&quot;:25,&quot;nodes&quot;:[{&quot;audio.pitch&quot;:1,&quot;freeze&quot;:0,&quot;guid&quot;:&quot;56AA6C99-4B42-4AB0-94C0-DDB28E8DAE6D&quot;,&quot;inter.mode&quot;:0,&quot;len&quot;:43.52,&quot;re.begin&quot;:43.52,&quot;re.eend&quot;:0,&quot;reverse&quot;:0,&quot;rewind.host&quot;:0,&quot;rewind.index&quot;:0,&quot;rr.b&quot;:0,&quot;rr.c&quot;:43.52,&quot;rr.end&quot;:1087,&quot;rr.start&quot;:0,&quot;speed.den&quot;:1,&quot;speed.num&quot;:1,&quot;sr.end&quot;:1087,&quot;sr.start&quot;:0,&quot;time&quot;:0}],&quot;source.len&quot;:43.52,&quot;trim.guid.end&quot;:&quot;56AA6C99-4B42-4AB0-94C0-DDB28E8DAE6D&quot;,&quot;trim.guid.start&quot;:&quot;56AA6C99-4B42-4AB0-94C0-DDB28E8DAE6D&quot;,&quot;trim.sr.end&quot;:32.12000000000001,&quot;trim.sr.start&quot;:18}
"/>
<Property key="TimelineType" type="int" value="4"/>
<Property key="Transform.Angle" type="double" value="0.000000"/>
<Property key="Transform.CenterPoint" type="NLEPointF" value="x:0.50000000000000000000, y:0.50000000000000000000"/>
<Property key="Transform.Enabled" type="int" value="1"/>
<Property key="Transform.Locked" type="int" value="0"/>
<Property key="Transform.LockedTransform" type="int" value="0"/>
<Property key="Transform.ResizeScale" type="NLEPointF" value="x:1.00000000000000000000, y:1.00000000000000000000"/>
<Property key="Transform.ShowTransform" type="int" value="1"/>
<Property key="UserData" type="CNLEPtr&lt;IUnknown&gt;" value="Interface:0000000000000000">
<Properties Count="11">
<Property key="Key_AncestralGuid" type="std::wstring" value="{032dfd12-76c7-447f-b986-2819927a2c0a}"/>
<Property key="Key_TimelineGuid" type="std::wstring" value="{495d3669-ea45-4db3-a72c-fc3eb5c8784a}"/>
<Property key="Speed.Scale" type="NLERational" value="[1000000, 1000000]: 1.0000000 "/>
<Property key="clip_color_infotag" type="int" value="6"/>
<Property key="key_media_crop_end_render_rectangle" type="NLERect" value="left:1, top:960, width:960, height:540"/>
<Property key="key_media_crop_start_render_rectangle" type="NLERect" value="left:0, top:1375, width:1376, height:774"/>
<Property key="key_media_pan_zoom_mode" type="int" value="0"/>
<Property key="key_media_pan_zoom_ratio" type="int" value="1"/>
<Property key="key_media_photoplacement_type " type="int" value="3"/>
<Property key="key_timeline_resource_info" type="std::wstring" value="{&quot;download_url&quot;:&quot;C:/Users/Benjamin/Documents/Wondershare Filmora 9/Recorded/VID_20200928_103532.mp4&quot;,&quot;name&quot;:&quot;VID_20200928_103532&quot;}"/>
<Property key="key_timeline_type" type="std::wstring" value="3"/>
</Properties>
</Property>
<Property key="ViewEdit.Status.Using" type="int" value="1"/>
<Property key="Volume.Balance" type="int" value="0"/>
<Property key="Volume.Enabled" type="int" value="1"/>
<Property key="Volume.Mute" type="int" value="0"/>
<Property key="Volume.Pitch" type="int" value="0"/>
<Property key="Volume.Volume" type="double" value="0.000000"/>
<Property key="base.Enable" type="int" value="1"/>
<Property key="fade.aud.in.enabled" type="int" value="1"/>
<Property key="fade.aud.in.range" type="int" value="0"/>
<Property key="fade.aud.out.enabled" type="int" value="1"/>
<Property key="fade.aud.out.range" type="int" value="0"/>
<Property key="fade.aud.renderframerate" type="NLERational" value="[25, 1]: 25.0000000 "/>
<Property key="time.position.end" type="NLERational" value="[353, 25]: 14.1200000 "/>
<Property key="time.position.start" type="NLERational" value="[0, 1]: 0.0000000 "/>
<Property key="time.trim.start" type="NLERational" value="[18, 1]: 18.0000000 "/>
<Property key="z.Alias" type="std::wstring" value=""/>
</Properties>
</TimeLine>
</TimeLine>
