<TimeLine>
<Properties Count="69">
<Property key="Absolute.FilePath" type="std::wstring" value="C:/Users/Benjamin/Documents/Wondershare Filmora 9/Recorded/VID_20200928_103532.mp4"/>
<Property key="Animation.InRatio" type="double" value="0.000000"/>
<Property key="Animation.OutRatio" type="double" value="0.000000"/>
<Property key="Animation.StringParam" type="std::wstring" value=""/>
<Property key="Animation.Type" type="int" value="0"/>
<Property key="Composition.Enabled" type="int" value="1"/>
<Property key="Composition.Mode" type="int" value="0"/>
<Property key="Composition.Opacity" type="int" value="255"/>
<Property key="Crop.Enabled" type="int" value="0"/>
<Property key="Crop.Region" type="NLERectF" value="left:0.00000000000000000000, top:0.00000000000000000000, width:1.00000000000000000000, height:1.00000000000000000000"/>
<Property key="Denoise.Enabled" type="int" value="0"/>
<Property key="Denoise.Level" type="int" value="0"/>
<Property key="Equalizer.Band1" type="double" value="0.000000"/>
<Property key="Equalizer.Band2" type="double" value="0.000000"/>
<Property key="Equalizer.Band3" type="double" value="0.000000"/>
<Property key="Equalizer.Band4" type="double" value="0.000000"/>
<Property key="Equalizer.Band5" type="double" value="0.000000"/>
<Property key="Equalizer.Band6" type="double" value="0.000000"/>
<Property key="Equalizer.Band7" type="double" value="0.000000"/>
<Property key="Equalizer.Band8" type="double" value="0.000000"/>
<Property key="Equalizer.Enabled" type="int" value="0"/>
<Property key="Equalizer.HS" type="double" value="0.000000"/>
<Property key="Equalizer.Name" type="std::wstring" value="Default"/>
<Property key="Equalizer.kLS" type="double" value="0.000000"/>
<Property key="Level" type="int" value="-1"/>
<Property key="MediaInfo" type="CNLEPtr&lt;IUnknown&gt;" value="Interface:0000000000000000">
<Properties Count="12">
<Property key="Absolute.FilePath" type="std::wstring" value="C:/Users/Benjamin/Documents/Wondershare Filmora 9/Recorded/VID_20200928_103532.mp4"/>
<Property key="Source_FileType" type="int" value="1"/>
<Property key="kAudio_Disable" type="int" value="0"/>
<Property key="kCodec_FourCC" type="unsigned int" value="1836020585"/>
<Property key="kMedia.Info.MediaLength" type="double" value="43.520000"/>
<Property key="kMedia.Info.SerializedString" type="std::wstring" value="{
	&quot;MediaInfo&quot;:	{
		&quot;FileCreateData&quot;:	&quot;2020:9:28:10:35:0,2020:9:28:8:35:0\n&quot;,
		&quot;FOURCC&quot;:	&quot;1836020585&quot;,
		&quot;FileName&quot;:	&quot;&quot;,
		&quot;Description&quot;:	&quot;&quot;,
		&quot;MediaLength&quot;:	&quot;43524&quot;,
		&quot;Bitrate&quot;:	&quot;1453492&quot;,
		&quot;AVScanType&quot;:	&quot;2&quot;,
		&quot;ProgramCount&quot;:	&quot;1&quot;,
		&quot;ProgramInfos&quot;:	[{
				&quot;Number&quot;:	&quot;1&quot;,
				&quot;ID&quot;:	&quot;1&quot;,
				&quot;MediaLength&quot;:	&quot;43524&quot;,
				&quot;Bitrate&quot;:	&quot;1453492&quot;,
				&quot;TimeStampReferenceStreamID&quot;:	&quot;0&quot;,
				&quot;VideoStreamCount&quot;:	&quot;1&quot;,
				&quot;VideoStreamInfos&quot;:	[{
						&quot;StreamType&quot;:	&quot;2&quot;,
						&quot;StreamID&quot;:	&quot;0&quot;,
						&quot;FourCC&quot;:	&quot;875967048&quot;,
						&quot;State&quot;:	&quot;0&quot;,
						&quot;Name&quot;:	&quot;H264&quot;,
						&quot;Description&quot;:	&quot;Advanced Video Codec&quot;,
						&quot;StreamLength&quot;:	&quot;43520&quot;,
						&quot;Bitrate&quot;:	&quot;1325492&quot;,
						&quot;VideoInfo&quot;:	{
							&quot;Width&quot;:	&quot;1920&quot;,
							&quot;Height&quot;:	&quot;1080&quot;,
							&quot;FrameRate&quot;:	&quot;25000&quot;,
							&quot;TotalFrame&quot;:	&quot;1088&quot;,
							&quot;xratio&quot;:	&quot;0&quot;,
							&quot;yratio&quot;:	&quot;0&quot;,
							&quot;Compression&quot;:	&quot;842094169&quot;,
							&quot;BitsDepth&quot;:	&quot;24&quot;,
							&quot;CapsFlag&quot;:	&quot;0&quot;,
							&quot;ColorRange&quot;:	&quot;0&quot;,
							&quot;ColorPrimary&quot;:	&quot;0&quot;
						},
						&quot;VideoSrcInfo&quot;:	{
							&quot;StreamSrcInfoScanType&quot;:	&quot;0&quot;,
							&quot;StreamSrcInfoSrcScanType&quot;:	&quot;0&quot;,
							&quot;StreamSrcInfoSrcRotate&quot;:	&quot;0&quot;,
							&quot;VideoInfo&quot;:	{
								&quot;Width&quot;:	&quot;1920&quot;,
								&quot;Height&quot;:	&quot;1080&quot;,
								&quot;FrameRate&quot;:	&quot;25000&quot;,
								&quot;TotalFrame&quot;:	&quot;1088&quot;,
								&quot;xratio&quot;:	&quot;16000&quot;,
								&quot;yratio&quot;:	&quot;9000&quot;,
								&quot;Compression&quot;:	&quot;842094169&quot;,
								&quot;BitsDepth&quot;:	&quot;24&quot;,
								&quot;CapsFlag&quot;:	&quot;0&quot;,
								&quot;ColorRange&quot;:	&quot;0&quot;,
								&quot;ColorPrimary&quot;:	&quot;0&quot;
							}
						},
						&quot;AudioInfo&quot;:	{
							&quot;SampleRate&quot;:	&quot;0&quot;,
							&quot;Channels&quot;:	&quot;0&quot;,
							&quot;Bitspersample&quot;:	&quot;0&quot;,
							&quot;Bytespersecond&quot;:	&quot;0&quot;,
							&quot;Length&quot;:	&quot;0&quot;,
							&quot;CapsFlag&quot;:	&quot;0&quot;
						},
						&quot;ptsStart&quot;:	&quot;0&quot;,
						&quot;ptsOffset&quot;:	&quot;0&quot;
					}],
				&quot;AudioStreamCount&quot;:	&quot;1&quot;,
				&quot;AudioStreamInfos&quot;:	[{
						&quot;StreamType&quot;:	&quot;3&quot;,
						&quot;StreamID&quot;:	&quot;1&quot;,
						&quot;FourCC&quot;:	&quot;541278529&quot;,
						&quot;State&quot;:	&quot;0&quot;,
						&quot;Name&quot;:	&quot;AAC &quot;,
						&quot;Description&quot;:	&quot;Advanced Audio Codec&quot;,
						&quot;StreamLength&quot;:	&quot;43499&quot;,
						&quot;Bitrate&quot;:	&quot;128000&quot;,
						&quot;VideoInfo&quot;:	{
							&quot;Width&quot;:	&quot;0&quot;,
							&quot;Height&quot;:	&quot;0&quot;,
							&quot;FrameRate&quot;:	&quot;0&quot;,
							&quot;TotalFrame&quot;:	&quot;0&quot;,
							&quot;xratio&quot;:	&quot;0&quot;,
							&quot;yratio&quot;:	&quot;0&quot;,
							&quot;Compression&quot;:	&quot;0&quot;,
							&quot;BitsDepth&quot;:	&quot;0&quot;,
							&quot;CapsFlag&quot;:	&quot;0&quot;,
							&quot;ColorRange&quot;:	&quot;0&quot;,
							&quot;ColorPrimary&quot;:	&quot;0&quot;
						},
						&quot;VideoSrcInfo&quot;:	{
							&quot;StreamSrcInfoScanType&quot;:	&quot;0&quot;,
							&quot;StreamSrcInfoSrcScanType&quot;:	&quot;0&quot;,
							&quot;StreamSrcInfoSrcRotate&quot;:	&quot;0&quot;,
							&quot;VideoInfo&quot;:	{
								&quot;Width&quot;:	&quot;0&quot;,
								&quot;Height&quot;:	&quot;0&quot;,
								&quot;FrameRate&quot;:	&quot;0&quot;,
								&quot;TotalFrame&quot;:	&quot;0&quot;,
								&quot;xratio&quot;:	&quot;0&quot;,
								&quot;yratio&quot;:	&quot;0&quot;,
								&quot;Compression&quot;:	&quot;0&quot;,
								&quot;BitsDepth&quot;:	&quot;0&quot;,
								&quot;CapsFlag&quot;:	&quot;0&quot;,
								&quot;ColorRange&quot;:	&quot;0&quot;,
								&quot;ColorPrimary&quot;:	&quot;0&quot;
							}
						},
						&quot;AudioInfo&quot;:	{
							&quot;SampleRate&quot;:	&quot;48000&quot;,
							&quot;Channels&quot;:	&quot;2&quot;,
							&quot;Bitspersample&quot;:	&quot;16&quot;,
							&quot;Bytespersecond&quot;:	&quot;16001&quot;,
							&quot;Length&quot;:	&quot;43499&quot;,
							&quot;CapsFlag&quot;:	&quot;0&quot;
						},
						&quot;ptsStart&quot;:	&quot;0&quot;,
						&quot;ptsOffset&quot;:	&quot;0&quot;
					}],
				&quot;SubPicStreamCount&quot;:	&quot;0&quot;,
				&quot;SubPicInfos&quot;:	[]
			}]
	}
}"/>
<Property key="kMedia.Info.SerializedStringSize" type="int" value="3054"/>
<Property key="kSource.StreamCount" type="int" value="2"/>
<Property key="kSource.Stream_0" type="CNLEPtr&lt;IUnknown&gt;" value="Interface:0000000000000000">
<Properties Count="16">
<Property key="kStream_Type" type="int" value="2"/>
<Property key="kVideo_Bitrate" type="int" value="1325492"/>
<Property key="kVideo_BitsDepth" type="int" value="24"/>
<Property key="kVideo_CapsFlag" type="unsigned int" value="0"/>
<Property key="kVideo_Compression" type="unsigned int" value="842094169"/>
<Property key="kVideo_Description" type="std::wstring" value="Advanced Video Codec"/>
<Property key="kVideo_Disable" type="int" value="0"/>
<Property key="kVideo_Duration" type="long long" value="435200000"/>
<Property key="kVideo_FourCC" type="unsigned int" value="875967048"/>
<Property key="kVideo_FrameRate" type="double" value="25.000000"/>
<Property key="kVideo_Height" type="int" value="1080"/>
<Property key="kVideo_ID" type="unsigned int" value="0"/>
<Property key="kVideo_Name" type="std::wstring" value="H264"/>
<Property key="kVideo_State" type="int" value="0"/>
<Property key="kVideo_TotalFrames" type="int" value="1088"/>
<Property key="kVideo_Width" type="int" value="1920"/>
</Properties>
</Property>
<Property key="kSource.Stream_1" type="CNLEPtr&lt;IUnknown&gt;" value="Interface:0000000000000000">
<Properties Count="15">
<Property key="Source_ScreenRecordingStreamType" type="unsigned int" value="0"/>
<Property key="kAduio_CapsFlag" type="unsigned int" value="0"/>
<Property key="kAudio_Bitrate" type="int" value="128000"/>
<Property key="kAudio_BitsPerSample" type="int" value="16"/>
<Property key="kAudio_BytesPerSecond" type="int" value="192000"/>
<Property key="kAudio_Channels" type="int" value="2"/>
<Property key="kAudio_Description" type="std::wstring" value="Advanced Audio Codec"/>
<Property key="kAudio_Disable" type="int" value="0"/>
<Property key="kAudio_Duration" type="long long" value="434999791"/>
<Property key="kAudio_FourCC" type="unsigned int" value="541278529"/>
<Property key="kAudio_ID" type="unsigned int" value="1"/>
<Property key="kAudio_Name" type="std::wstring" value="AAC "/>
<Property key="kAudio_SampleRate" type="int" value="48000"/>
<Property key="kAudio_State" type="int" value="0"/>
<Property key="kStream_Type" type="int" value="3"/>
</Properties>
</Property>
<Property key="kStream_ProgramID" type="int" value="1"/>
<Property key="kVideo_Disable" type="int" value="0"/>
</Properties>
</Property>
<Property key="Mix2Mono.Enabled" type="int" value="0"/>
<Property key="ProxySource.Enable" type="int" value="0"/>
<Property key="ProxySource.ProxyFile.path" type="std::wstring" value=""/>
<Property key="REFCLSID" type="GUID" value="{FC850F8E-F304-4E87-A00C-9A43291D317F}"/>
<Property key="Render.ContentRange" type="NLERange" value="Start:0, End:1087"/>
<Property key="Render.Framerate" type="NLERational" value="[25, 1]: 25.0000000 "/>
<Property key="Render.MarginMode" type="int" value="1"/>
<Property key="Render.NeedPremult" type="int" value="0"/>
<Property key="Render.Position" type="int" value="0"/>
<Property key="Render.RangeFrameNumber" type="NLERange" value="Start:0, End:1087"/>
<Property key="Render.RationPosition" type="NLERational" value="[0, 1]: 0.0000000 "/>
<Property key="SourceRender_CurrentAudioStreamIndex" type="int" value="1"/>
<Property key="SourceRender_CurrentVideoStreamIndex" type="int" value="0"/>
<Property key="Source_FileType" type="int" value="1"/>
<Property key="Stabilization.BoarderType" type="int" value="2"/>
<Property key="Stabilization.Enabled" type="int" value="0"/>
<Property key="Stabilization.Level" type="int" value="10"/>
<Property key="Timeline.SpeedMarker" type="std::wstring" value="{&quot;fr.den&quot;:1,&quot;fr.num&quot;:25,&quot;nodes&quot;:[{&quot;audio.pitch&quot;:1,&quot;freeze&quot;:0,&quot;guid&quot;:&quot;56AA6C99-4B42-4AB0-94C0-DDB28E8DAE6D&quot;,&quot;inter.mode&quot;:0,&quot;len&quot;:43.52,&quot;re.begin&quot;:43.52,&quot;re.eend&quot;:0,&quot;reverse&quot;:0,&quot;rewind.host&quot;:0,&quot;rewind.index&quot;:0,&quot;rr.b&quot;:0,&quot;rr.c&quot;:43.52,&quot;rr.end&quot;:1087,&quot;rr.start&quot;:0,&quot;speed.den&quot;:1,&quot;speed.num&quot;:1,&quot;sr.end&quot;:1087,&quot;sr.start&quot;:0,&quot;time&quot;:0}],&quot;source.len&quot;:43.52,&quot;trim.guid.end&quot;:&quot;56AA6C99-4B42-4AB0-94C0-DDB28E8DAE6D&quot;,&quot;trim.guid.start&quot;:&quot;56AA6C99-4B42-4AB0-94C0-DDB28E8DAE6D&quot;,&quot;trim.sr.end&quot;:43.52,&quot;trim.sr.start&quot;:0}
"/>
<Property key="TimelineType" type="int" value="4"/>
<Property key="Transform.Angle" type="double" value="0.000000"/>
<Property key="Transform.CenterPoint" type="NLEPointF" value="x:0.50000000000000000000, y:0.50000000000000000000"/>
<Property key="Transform.Enabled" type="int" value="1"/>
<Property key="Transform.Locked" type="int" value="0"/>
<Property key="Transform.LockedTransform" type="int" value="0"/>
<Property key="Transform.ResizeScale" type="NLEPointF" value="x:1.00000000000000000000, y:1.00000000000000000000"/>
<Property key="Transform.ShowTransform" type="int" value="1"/>
<Property key="UserData" type="CNLEPtr&lt;IUnknown&gt;" value="Interface:0000000000000000">
<Properties Count="5">
<Property key="Key_AncestralGuid" type="std::wstring" value="{032dfd12-76c7-447f-b986-2819927a2c0a}"/>
<Property key="Key_TimelineGuid" type="std::wstring" value="{bcae6cc8-2171-4962-bea8-acb2bd7d4863}"/>
<Property key="clip_color_infotag" type="int" value="6"/>
<Property key="key_timeline_resource_info" type="std::wstring" value="{&quot;download_url&quot;:&quot;C:/Users/Benjamin/Documents/Wondershare Filmora 9/Recorded/VID_20200928_103532.mp4&quot;,&quot;name&quot;:&quot;VID_20200928_103532&quot;}"/>
<Property key="key_timeline_type" type="std::wstring" value="3"/>
</Properties>
</Property>
<Property key="ViewEdit.Status.Using" type="int" value="1"/>
<Property key="Volume.Balance" type="int" value="0"/>
<Property key="Volume.Enabled" type="int" value="1"/>
<Property key="Volume.Mute" type="int" value="0"/>
<Property key="Volume.Pitch" type="int" value="0"/>
<Property key="Volume.Volume" type="double" value="0.000000"/>
<Property key="base.Enable" type="int" value="1"/>
<Property key="fade.aud.in.enabled" type="int" value="0"/>
<Property key="fade.aud.in.range" type="int" value="0"/>
<Property key="fade.aud.out.enabled" type="int" value="0"/>
<Property key="fade.aud.out.range" type="int" value="0"/>
<Property key="fade.aud.renderframerate" type="NLERational" value="[25, 1]: 25.0000000 "/>
<Property key="time.position.end" type="NLERational" value="[1088, 25]: 43.5200000 "/>
<Property key="time.position.start" type="NLERational" value="[0, 1]: 0.0000000 "/>
<Property key="time.trim.start" type="NLERational" value="[0, 1]: 0.0000000 "/>
<Property key="z.Alias" type="std::wstring" value=""/>
</Properties>
</TimeLine>
